{
    "args": {
        "graph_name": "ca-AstroPh",
        "selected_algorithm": "Compact Forward",
        "with_doulion": true,
        "p": 0.9,
        "memorySize": 3000,
        "plotApproximate": true,
        "graph_path": "graphs/CA-AstroPh.txt",
        "is_directed": false,
        "numOfTriangles": 1351441,
        "paramName": "p",
        "apprParamValues": [
            0.1,
            0.2,
            0.30000000000000004,
            0.4,
            0.5,
            0.6,
            0.7000000000000001,
            0.8,
            0.9
        ]
    },
    "results": {
        "Doulion runtime": [
            0.1807727813720703,
            0.14700889587402344,
            0.17750763893127441,
            0.14017248153686523,
            0.16436314582824707,
            0.1285707950592041,
            0.15589237213134766,
            0.12028384208679199,
            0.14239215850830078
        ],
        "Compact Forward runtime": [
            0.11367917060852051,
            0.26566481590270996,
            0.456648588180542,
            0.7511107921600342,
            1.0619885921478271,
            1.4359221458435059,
            1.8887887001037598,
            2.4269814491271973,
            2.95491623878479
        ],
        "Estimated Triangles": [
            1362999,
            1315374,
            1365999,
            1353968,
            1358904,
            1333759,
            1359959,
            1351810,
            1352209
        ],
        "Accuracy": [
            99.14469074121625,
            97.33129304201958,
            98.92270546771933,
            99.81295890830604,
            99.44777463463073,
            98.69163798192149,
            99.36969622251588,
            99.97265534529441,
            99.94310691009007
        ]
    }
}